GymName,Neighborhood,Address,MonthlyPrice,QuarterlyPrice,YearlyPrice,Notes,Source
Fit Formula,Koramangala,Sai Baba Temple Road Koramangala,NA,NA,NA,"Flexible membership plans noted",Justdial
Pump'it Fitness Studio,Koramangala,5th Cross Road Koramangala,NA,NA,NA,,Justdial
Live Fitness,Koramangala,Adugodi Main Road Koramangala 8th Block,4000,NA,NA,"Starting at ₹4000",Justdial
Aero Fitness Center,Koramangala,8th Block Kormangala,3200,NA,30000,"Starts from ₹3100",Justdial/Gympik
Mega Gym And Fittness Centers,Koramangala,20th L Cross Ejipura,900,1800,4000,,Justdial
Megha Muscle Fitness Point,Koramangala,2nd Cross Madiwala,2000,NA,8600,,Justdial
Kia-kaha Mma Academy,Koramangala,1st Cross Road Koramangala,1250,NA,NA,"MMA and martial arts training",Justdial
Budocore,Koramangala,"Sarjapur Main Road, Jakkasandra",3000,NA,NA,"Functional training and CrossFit",Gympik
Hammers Fitness,Koramangala,"80 Feet Main Road, 4th Block, Koramangala",1000,NA,NA,"Budget-friendly gym",Gympik
Pluto Fitness,Koramangala,"No. 10, First Floor, KNI Layout",2850,NA,NA,,Gympik
Fitness One,Koramangala,"Shankar Plaza, No. 24, 80ft. Road, ST Bed.",NA,NA,16022,,Gympik
Goldkraft Fitness,Jayanagar,9th Cross Jp Nagar 1st Phase,4500,NA,18000,,Justdial
Fit24 Fitness Club,Jayanagar,TMC Layout Jp Nagar 1st Phase,4999,7000,22999,"Daily pass ₹199; 6 Months ₹12000",Justdial/Gympik
Bodywise Gym,Jayanagar,Rashtriya Vidyalaya Road Basavanagudi,NA,2000,NA,"3 Months Starting at ₹2000",Justdial
Power Line Fitness,Jayanagar,South End Road Basavanagudi,1500,NA,NA,,Justdial
Kranos Fitness Hub,HSR Layout,Sector 7 HSR Layout,NA,NA,NA,"Premium fitness destination",Justdial
Zest Fitness Studio,HSR Layout,Above RBL BANK HSR Layout Sector 7,7000,NA,38000,"Daily pass ₹750",Justdial
Fitness On Fire,HSR Layout,Devarachikkanahalli Road Bilekahalli,2500,NA,18000,"Daily pass ₹100",Justdial
Jaguar Fitness,Bannerghatta Road,Maruthi Nagar Madiwala,1000,NA,4000,"Budget-friendly gym options available",Justdial
Stayfit Hub,Bannerghatta Road,2nd Main Road Bannerghatta Road,NA,NA,NA,"Contact for pricing",Justdial
Fitness Planet,Bannerghatta Road,5th Cross Road Vijaya Bank Layout,NA,NA,NA,,Justdial
Evolution Fitness,Kumaraswamy Layout,14th Cross Kumaraswamy Layout 2 Stage,NA,6000,NA,"Cardio + Crossfit + Gym (3 months)",Justdial
Fit Factory,Uttarahalli,Uttarahialli Main Road Uttarahalli,1200,3500,7999,"6 Months ₹5900",Justdial/Gympik
Lotus Sports And Fitness,JP Nagar,4th Cross Rd Jp Nagar,1500,NA,NA,"6 months ₹10620",Justdial
Muscle Mechanic,Banashankari,5th Cross Banashankari 2nd Stage,NA,2300,NA,"Quarterly: Gym-only ₹2100 or Gym + Cardio ₹2500",Justdial/Growfitter
Rage Health And Wellness Centre,Indiranagar,Double Road Indiranagar,7000,11000,25000,"Premium wellness center with multiple amenities; 6 Months ₹18000",Justdial/Growfitter
I Think Crossfit,Indiranagar,Link Road Indiranagar,7670,21240,47200,"CrossFit functional training",Justdial
Aurum Health Club,Indiranagar,100 Feet Road Indiranagar,6000,18000,29000,"Premium gym with luxury amenities",Justdial
The Outfit Gym,Indiranagar,Next to Karachi Bakery Indiranagar,5600,16500,37000,"Functional Training; 6 Months ₹25750",Justdial/TheOutfit
Academy Of Strength,Indiranagar,"No 759, 3rd Floor, 100ft Road",8000,20000,55000,"Functional Training",Justdial/Yoactiv
Slam Lifestyle And Fitness Studio,Indiranagar,7th Cross Indira Nagar 2nd Stage,4050,8650,13500,"6 Months ₹12100",Justdial/Gympik
Plej Fitness,Whitefield,Nexus Whitefield,3500,6500,12000,"Modern gym with flexible membership plans; Daily pass ₹496",Justdial/Growfitter
Phoenix Fitness,Whitefield,ITPL Road Whitefield,3000,7670,14000,,Justdial
Mk Fitness,Whitefield,Nagondanahalli Main Road,3000,6000,12000,,Justdial
Snap Fitness,Whitefield,Gandhi Circle Varthur,NA,NA,42000,"Personal Training packages available",Justdial
Fitness Zone,Sarjapur Road,Marathahalli Sarjapur Road HSR Layout,3000,7000,NA,"Daily pass ₹300",Justdial/FITPASS
V Tone Fitness Club,Sarjapur Road,Sarjapur Road,NA,NA,NA,"Contact for pricing",FITPASS
Ad Fitness,Marathahalli,Marathahalli,NA,NA,NA,,FITPASS
Fitflix,Marathahalli,"4th floor, Kishan icon, Marathahalli",NA,NA,NA,"Premium gym with multiple branches",FITPASS
Chisel Fitness,Marathahalli,Marathahalli,3475,7000,13000,"Modern equipment and facilities",FITPASS/Growfitter
Answer Is Fitness,Marathahalli,Marathahalli,2250,3499,7999,"6 Months ₹4999",FITPASS/Growfitter
Aura Fitness,Munnekollal,"Munnekollal, Marathahalli",NA,NA,NA,,FITPASS
Heart Beat Fitness,Yelahanka,"1st Main A Sector, Yelahanka New Town",1500,4500,8500,"6 Months ₹6500",Gympik/Growfitter
E-fit,Yelahanka,"#67,2nd floor, 4th main, Bagalur cross main road",3400,NA,NA,,Gympik
Vishy Fit Gym,Yelahanka,"New Airport Road, By Pass Road, Yelahanka New Town",500,NA,NA,"Budget-friendly option",Gympik
Go Nature Fitness,Yelahanka,Yelahanka New Town,2000,5000,8500,,FITPASS/Growfitter
Muscle Nation,Yelahanka,Kogilu,NA,NA,NA,,FITPASS
Sri Fitness Gym,Yelahanka,Yelahanka New Town,NA,NA,7500,"Gym Membership Starting at ₹7500",FITPASS/Justdial
B M S Multi Gym,Hebbal,SSA Road Hebbal,1000,2000,NA,"6 Months ₹3500",Justdial/Yoactiv
Abhiva Cross Fit Arena,Hebbal,Sumangali Seva Ashram Road Hebbal,NA,NA,NA,"CrossFit and functional training",Justdial
Gryphon Fitness,Hebbal,Hebbal Kempapura Main Road Hebbal,NA,NA,NA,,Justdial
Muscle Mechanic Gym,Hebbal,9th Cross Road Manorayana Palya,NA,2300,NA,"6 Months ₹4700; Gym-only or Gym + Cardio options",Justdial/Growfitter
V2 Fitness Zone,Hebbal,Kempegowda Main Road Dasarahalli Hebbal,1750,2500,6500,"Daily pass ₹100",Justdial/Yoactiv
Fitstop Gym & Fitness,Hebbal,Bhuvaneswari Nagar Dasarahalli Hebbal,1500,NA,10000,"Daily pass ₹200",Justdial
Pro Fitness,RT Nagar,Sultan Palya Main Road Rt Nagar,2100,NA,12000,"Daily pass ₹150",Justdial
Fitness Race,RT Nagar,Dinnur Main Road Rt Nagar,1000,NA,7000,"Daily pass ₹150",Justdial
Fitgainer Gym & Fitness Centre,RT Nagar,Above Apollo Pharmacy Rt Nagar,1100,NA,10000,"Daily pass ₹150",Justdial/FITPASS
Quadzilla Fitness,Sanjay Nagar,Sanjay Nager Main Road Nagashetty Halli,2500,6000,12000,"Daily pass ₹220; 6 Months ₹9000",Justdial
Naks Gym,Sanjay Nagar,Uas Layout Main Road Sanjay Nagar,1200,3000,4500,"Daily pass ₹100",Justdial
Power World Fitness Centre,Sanjay Nagar,Sanjay Nagar,1003,NA,6000,"Off Peak membership available; Couple plans",Justdial
Lean,Sanjay Nagar,Sanjay Nagar Main Road,2000,NA,10000,"Daily pass ₹120",Justdial
Reforma Fitness,Sanjay Nagar,Above Karnataka Bank Sanjay Nagar,1750,4500,12999,,Justdial
Gowdas Fitness Zone,Kaval Byrasandra,KHB Main Road Kaval Byrasandra,1500,NA,9000,"Daily pass ₹149",Justdial
Quadz Fitness,Seshadripuram,Near Sri Chaithanya Techno School Seshadripuram,2899,NA,16000,"Daily pass ₹200",Justdial
Quadz Fitness,Rajajinagar,1st Block Rajajinagar,2750,6195,11800,"6 Months ₹10500",Justdial/Gympik
Snap Fitness,Rajajinagar,2nd Stage Rajajinagar,3800,6786,17000,"24-hour access gym",Justdial
Body Flex Fitness Centre,Rajajinagar,Near ESI Hospital Rajajinagar 4th Block,NA,NA,NA,,Justdial
Pumping Iron - The Fitness Studio,Rajajinagar,Opposite TVS Showroom Rajajinagar,NA,NA,NA,,Justdial
Body Sculpting,Rajajinagar,Old Police Station Road Rajajinagar 3rd Block,NA,NA,NA,,Justdial
Sri Ram Mandir Gym,Rajajinagar,55th Cross Road Ramamandir Road,NA,NA,NA,"Community gym",Justdial
Bbmp Gym,Rajajinagar,1st Main Road Rajajinagar,NA,NA,NA,"Government gym - budget-friendly",Justdial
Body Pro,Rajajinagar,12th Main Road Rajajinagar,1550,2700,9375,"Daily pass ₹500",Justdial/Growfitter
Moveza Fitness,Rajajinagar,Rajajinagar Industrial Town,5000,9500,25000,"Daily pass ₹499 Group or ₹620 Gym; 6 Months ₹15000",Justdial
Zurich Fitness,Rajajinagar,Rajaji Nagar,NA,NA,NA,,FITPASS
Intensity Fitness Center,Malleswaram,Sirur Park Road Malleswaram,3500,NA,12000,"6 Months ₹10000",Justdial/Gympik
Armor Fitness,Malleswaram,Malleswaram,NA,NA,NA,,FITPASS
RxDx Gym,Malleswaram,Malleswaram,3538,8299,17599,"6 Months ₹11799",Growfitter
Ab Fitness (Alpha Bodyworks),Srirampura,Srirampura,3000,5000,12000,"Daily pass ₹200; 6 Months ₹7000",Justdial/FITPASS
Raju's Multy Gym,Srirampuram,Mariyappana Palya Srirampuram,350,900,2000,"Budget-friendly option",Justdial
4th Station Gym,Basaveshwara Nagar,2nd Block Basaveshwara Nagar,5500,8500,18500,"Daily pass ₹300; 6 Months ₹13500",Justdial
Pretty Women Fitness Centre,Basaveshwara Nagar,KHB Colony Basaveshwara Nagar,1500,NA,NA,"Ladies only - Aerobics focused",Justdial
Dumbbells Gym,Electronic City,Behind Side Electronic City,1500,4000,12000,,Justdial
Leo Fitness Centre,Electronic City,Electronic City,2250,4250,10250,"Daily pass ₹100; 6 Months ₹6750",Justdial/Growfitter
Vinis Fitness Adda,Electronic City,Thimma Reddy Building / Neeladri Rd,1750,5500,12500,"Multiple branches available",Gympik/Justdial
Mega Power Gym,Electronic City,Hosur main road dadi reddy layout,500,NA,NA,"Budget-friendly option",Gympik
Sweat Zone Gym,Electronic City,"Gopal Reddy Building, Konappana Agrahara",500,NA,NA,"Budget-friendly option",Gympik
Legend Fitness Centre,Electronic City,"Thogur Main Road, Electronic City Post",1200,NA,NA,,Gympik
Smr Royal Gym,Electronic City,Electronic City Phase 1,900,NA,NA,,Gympik
Zest Fitness Studio Ect,Electronic City,Neeladri Road Electronic City,900,NA,NA,"Budget-friendly option",Justdial

